-- phpMyAdmin SQL Dump
-- version 4.5.1
-- http://www.phpmyadmin.net
--
-- Servidor: 127.0.0.1
-- Tiempo de generación: 05-04-2017 a las 00:16:09
-- Versión del servidor: 10.1.16-MariaDB
-- Versión de PHP: 5.6.24

SET SQL_MODE = "NO_AUTO_VALUE_ON_ZERO";
SET time_zone = "+00:00";


/*!40101 SET @OLD_CHARACTER_SET_CLIENT=@@CHARACTER_SET_CLIENT */;
/*!40101 SET @OLD_CHARACTER_SET_RESULTS=@@CHARACTER_SET_RESULTS */;
/*!40101 SET @OLD_COLLATION_CONNECTION=@@COLLATION_CONNECTION */;
/*!40101 SET NAMES utf8mb4 */;

--
-- Base de datos: `geo_ugel`
--

-- --------------------------------------------------------

--
-- Estructura de tabla para la tabla `distrito`
--

CREATE TABLE `distrito` (
  `id_distrito` int(11) NOT NULL,
  `nomDistrito` varchar(150) NOT NULL,
  `estado` int(11) NOT NULL
) ENGINE=InnoDB DEFAULT CHARSET=utf8;

--
-- Volcado de datos para la tabla `distrito`
--

INSERT INTO `distrito` (`id_distrito`, `nomDistrito`, `estado`) VALUES
(1, 'El Agustino', 1),
(2, 'San Juan de Lurigancho ', 1);

-- --------------------------------------------------------

--
-- Estructura de tabla para la tabla `institucion`
--

CREATE TABLE `institucion` (
  `id_ie` int(11) NOT NULL,
  `nom_ie` varchar(150) NOT NULL,
  `id_nivel` int(11) NOT NULL,
  `dir_ie` varchar(150) NOT NULL,
  `id_distrito` int(11) NOT NULL,
  `latitud_ie` float NOT NULL,
  `longitud_ie` float NOT NULL
) ENGINE=InnoDB DEFAULT CHARSET=utf8;

--
-- Volcado de datos para la tabla `institucion`
--

INSERT INTO `institucion` (`id_ie`, `nom_ie`, `id_nivel`, `dir_ie`, `id_distrito`, `latitud_ie`, `longitud_ie`) VALUES
(1, 'I.E.I. Nº 032  NIÑO JESUS DE ZARATE', 1, 'JR. CAJAMARQUILLA S/N CDRA 16, 4TA. ZONA', 2, -12.0229, -76.9858),
(2, 'I.E.I. Nº 037  SANTA ROSA', 1, 'JR.YACHAYHUASI S/N., 2DA. CDRA (Alt Cdra 10 - Av. Gran Chimu)', 2, -12.0255, -76.9977),
(3, 'I.E. Nº 0073 BENITO JUAREZ', 2, 'JR. LOS AMAUTAS Nº 1560 - 4TA ZONA', 2, -12.0245, -76.9868),
(4, 'I.E. Nº 0073 BENITO JUAREZ', 3, 'JR. LOS AMAUTAS Nº 1560 - 4TA ZONA', 2, -12.0245, -76.9868),
(5, 'I.E.I. Nº 083', 1, 'AV. El SANTUARIO S/N, CDRA. 23, PQUE-IPD (Mangomarca Alta)', 2, -12.0101, -76.9798),
(6, 'I.E. Nº 0122 ANDRES AVELINO CACERES', 1, 'JR.  PALLKA S/N, CUADRA 11 MANGOMARCA', 2, -12.0154, -76.9852),
(7, 'I.E. Nº 0122 ANDRES AVELINO CACERES', 2, 'JR.  PALLKA S/N, CUADRA 11 MANGOMARCA', 2, -12.0154, -76.9852),
(8, 'I.E. Nº 0122 ANDRES AVELINO CACERES', 3, 'JR.  PALLKA S/N, CUADRA 11 MANGOMARCA', 2, -12.0154, -76.9852),
(9, 'I.E. Nº 0122 ANDRES AVELINO CACERES', 5, 'JR.  PALLKA S/N, CUADRA 11 MANGOMARCA', 2, -12.0154, -76.9852),
(10, 'I.E. Nº 1172 CIRO ALEGRIA', 1, 'JR. HUILLCA-QUIRO Nº 441(Alt. Cuadra 10 Gran Chimu)', 2, -12.024, -76.9993),
(11, 'I.E. Nº 1172 CIRO ALEGRIA', 5, 'JR. HUILLCA-QUIRO Nº 441(Alt. Cuadra 10 Gran Chimu)', 2, -12.024, -76.9993),
(12, 'I.E. Nº 1174  VIRGEN DEL CARMEN', 1, 'JR. LOS AMAUTAS Nº 248', 2, -12.0286, -77.0099),
(13, 'I.E. Nº 1174  VIRGEN DEL CARMEN', 2, 'JR. LOS AMAUTAS Nº 248', 2, -12.0286, -77.0099),
(14, 'I.E. Nº 1174  VIRGEN DEL CARMEN', 3, 'JR. LOS AMAUTAS Nº 248', 2, -12.0286, -77.0099),
(15, 'I.E. ANTENOR ORREGO ESPINOZA ', 1, 'AV. GRAN CHIMU S/N, CUADRA 9, FRENTE SCOTIABANK', 2, -12.0248, -76.9974),
(16, 'I.E. ANTENOR ORREGO ESPINOZA ', 2, 'AV. GRAN CHIMU S/N, CUADRA 9, FRENTE SCOTIABANK', 2, -12.0248, -76.9974),
(17, 'I.E. ANTENOR ORREGO ESPINOZA ', 3, 'AV. GRAN CHIMU S/N, CUADRA 9, FRENTE SCOTIABANK', 2, -12.0248, -76.9974),
(18, 'I.E. ANTENOR ORREGO ESPINOZA ', 6, 'AV. GRAN CHIMU S/N, CUADRA 9, FRENTE SCOTIABANK', 2, -12.0248, -76.9974),
(19, 'I.E.T.P. MANGOMARCA', 4, 'AV. HATUN COLLA Y TEMPLO DE LA LUNA S/N.', 2, -12.019, -76.9848),
(20, 'SAN MATIAS DE JESUS', 7, 'AVENIDA GRAN CHIMU S/N', 2, -12.0242, -76.9846),
(21, 'I.E. Nº  0149  JORGE CIEZA LACHOS', 1, 'JR SOCHIN S/N., MZ. C-1, LOTE 35', 2, -12.0085, -76.9836),
(22, 'I.E. Nº  0149  JORGE CIEZA LACHOS', 2, 'JR SOCHIN S/N., MZ. C-1, LOTE 35', 2, -12.0085, -76.9836),
(23, 'I.E. Nº  0149  JORGE CIEZA LACHOS', 3, 'JR SOCHIN S/N., MZ. C-1, LOTE 35', 2, -12.0085, -76.9836),
(24, 'I.E. MARTIN ESQUICHA BERNEDO', 1, 'AV. LAS LOMAS S/N.', 2, -12.0114, -76.9828),
(25, 'I.E. MARTIN ESQUICHA BERNEDO', 2, 'AV. LAS LOMAS S/N.', 2, -12.0114, -76.9828),
(26, 'I.E. MARTIN ESQUICHA BERNEDO', 3, 'AV. LAS LOMAS S/N.', 2, -12.0114, -76.9828),
(27, 'I.E.I. Nº 086', 1, 'MZ.C-1 S/N, AA.HH. CERRO LOS ANGELES', 2, -12.0191, -76.9683),
(28, 'I.E. Nº 0088  NUESTRA SEÑORA DEL CARMEN', 2, 'AV. D -MZ.Q, LT.1 Y 2 - ASOC. PRIMAVERA', 2, -12.0187, -76.9676),
(29, 'I.E. Nº 0089 MANUEL GONZALES PRADA', 2, 'AV. FRANCISCO BOLOGNESI, MZ. D, LOTE 6 ', 2, -12.0208, -76.9564),
(30, 'I.E. Nº 0089 MANUEL GONZALES PRADA', 3, 'AV. FRANCISCO BOLOGNESI, MZ. D, LOTE 6', 2, -12.0208, -76.9564),
(31, 'I.E. Nº 0090 DANIEL ALCIDES CARRION', 2, 'AV.PRINCIPAL S/N 1RA.CDRA', 2, -12.0245, -76.979),
(32, 'I.E. Nº 0090 DANIEL ALCIDES CARRION', 3, 'AV.PRINCIPAL S/N 1RA.CDRA', 2, -12.0245, -76.979),
(33, 'I.E. Nº 0090 DANIEL ALCIDES CARRION', 4, 'AV.PRINCIPAL S/N 1RA.CDRA', 2, -12.0245, -76.979),
(34, 'I.E.I. Nº 115-8 WILLIAMS  DYER AMPUDIA', 1, 'CALLE LOS HALCONES S/N (Campoy)', 2, -12.0218, -76.9781),
(35, 'I.E.I. Nº 115-19 MAMA LUCIE', 1, 'AV. LOS VIAJEROS S/N., LA VIZCACHERA', 2, -12.0072, -76.9559),
(36, 'I.E.I.  MAMA ELSA', 1, 'AV. LOS PROCERES MZ. M , LOTE 15', 2, -12.0141, -76.9633),
(37, 'I.E.I. PADRE CARLOS', 1, 'MZ.J, LT.11, CALLE 8 - 3 ETAPA', 2, -12.0158, -76.9629),
(38, 'I.E. SOLIDARIDAD III', 3, 'AV. PROCERES S/N., MZ.R,  LOTE 15', 2, -12.0125, -76.9625),
(39, 'I.E. Nº  0143 - SOLIDARIDAD II ', 3, 'AV.LOS PROCERES MZ.G LT.1- 3RA Etapa', 2, -12.0158, -76.9651),
(40, 'I.E. Nº  0160 SOLIDARIDAD I', 2, 'MZ. S, LOTE 6, Entre calle 16 y 17, Parque Nº 06 - (3ra Etapa - Campoy)', 2, -12.0112, -76.9607),
(41, 'I.E.I. Nº 015 LAS AZUCENAS', 1, 'JR. PASCO S/N MZ. H2-F2', 2, -12.031, -77.0168),
(42, 'I.E.I. Nº 036 MADRE MARIA AUXILIADORA', 1, 'PJE. RAUL PORRAS BARRENECHEA S/N', 2, -12.0241, -77.0113),
(43, 'I.E. Nº 0043 SAN CRISTOBAL', 2, 'AV.RIMAC S/N.', 2, -12.0315, -77.0152),
(44, 'I.E.I. Nº 043  JUAN PABLO II', 1, 'JR. LOS EBANOS Nº 704 ', 2, -12.0057, -77.0144),
(45, 'I.E.I. Nº 101  RAYITO DE LUZ', 1, 'AV. PROCER.DE INDEP.S/N., 1RA. CDRA.', 2, -12.0311, -77.0125),
(46, 'I.E.I. Nº 051 LOS PASTORCITOS DE NUESTRA SEÑORA DE FATIMA', 1, 'JR. LAS GROCELLAS N? 1740, COSTADO DEL PARQUE LOS VIENTOS.', 2, -12.006, -77.0095),
(47, 'I.E.I.  Nº 061 SAN JUDAS TADEO DE LAS VIOLETAS', 1, 'JR.LOS RICINOS S/N CDRA.8', 2, -12.0147, -77.008),
(48, 'I.E.I. Nº 071 VIRGEN DEL CARMEN', 1, 'JR. LAS  ORTIGAS MZ. J3   S/N - ( San Hilarión Bajo)', 2, -12.0029, -77.0104),
(49, 'I.E.I. Nº 115-12  FLORES DE LIMA', 1, 'JR. LAS ORTIGAS S/N., MZ M, LT 27 ,AL 33', 2, -12.0094, -77.0077),
(50, 'I.E. Nº 1178  JAVIER HERAUD', 2, 'JR.AREQUIPA S/N', 2, -12.028, -77.0138),
(51, 'I.E. Nº 1178  JAVIER HERAUD', 3, 'JR.AREQUIPA S/N', 2, -12.028, -77.0138),
(52, 'I.E. Nº 1179 TOMAS ALVA EDISON', 1, 'AV. PROCERES DE LA INDEPENDENCIA S/N. 1RA.CUADRA ', 2, -12.0302, -77.0122),
(53, 'I.E. Nº 1179 TOMAS ALVA EDISON', 2, 'AV. PROCERES DE LA INDEPENDENCIA S/N. 1RA.CUADRA ', 2, -12.0302, -77.0122),
(54, 'I.E. Nº 1179 TOMAS ALVA EDISON', 3, 'AV. PROCERES DE LA INDEPENDENCIA S/N. 1RA.CUADRA ', 2, -12.0302, -77.0122),
(55, 'I.E. Nº 0071 NUESTRA SEÑORA DE LA MERCED', 2, 'AV.CTO.GDE.S/N, ALT. PDRO.3 Y 4', 2, -12.0167, -77.0134),
(56, 'I.E. Nº 0071 NUESTRA SEÑORA DE LA MERCED', 3, 'AV.CTO.GDE.S/N, ALT. PDRO.3 Y 4', 2, -12.0167, -77.0134),
(57, 'I.E. Nº 0076  MARIA AUXILIADORA', 2, 'JR. SAN MARTIN S/N', 2, -12.0091, -77.0173),
(58, 'I.E. Nº 0076  MARIA AUXILIADORA', 3, 'JR. SAN MARTIN S/N', 2, -12.0091, -77.0173),
(59, 'I.E. Nº 0102 EDUCADOR JOSÉ ANTONIO ENCINAS', 2, 'AV.MIGUEL GRAU S/N CDRA.1', 2, -12.0214, -77.0073),
(60, 'I.E. Nº 0113 DANIEL ALOMIA ROBLES', 2, 'JR. LAS CORALINAS  S/N., MZ. LL, LT. 01', 2, -12.0094, -77.0094),
(61, 'I.E. Nº 0113 DANIEL ALOMIA ROBLES', 3, 'JR. LAS CORALINAS  S/N., MZ. LL, LT. 01', 2, -12.0094, -77.0094),
(62, 'I.E. Nº 0130 HEROES DEL CENEPA', 1, 'JR. LAS RIMARINAS S/N, SECTOR AMPLIACION', 2, -12.0393, -76.9967),
(63, 'I.E. Nº 0130 HEROES DEL CENEPA', 2, 'JR. LAS RIMARINAS S/N, SECTOR AMPLIACION', 2, -12.0393, -76.9967),
(64, 'I.E. Nº 0130 HEROES DEL CENEPA', 3, 'JR. LAS RIMARINAS S/N, SECTOR AMPLIACION', 2, -12.0393, -76.9967),
(65, 'I.E. Nº 0134 MARIO FLORIAN', 2, 'JR. LAS SENSITIVAS S/N., CDRA. 3, Mz. A, LT. 1 y 3', 2, -12.0109, -77.0067),
(66, 'I.E. Nº 0134 MARIO FLORIAN', 3, 'JR. LAS SENSITIVAS S/N., CDRA. 3, Mz. A, LT. 1 y 3', 2, -12.0109, -77.0067),
(67, 'I.E. Nº 1173 JULIO C.TELLO ROJAS', 1, 'PLAZA PRINCIPAL S/N - EL PUEBLITO', 2, -12.0178, -77.004),
(68, 'I.E. Nº 1173 JULIO C.TELLO ROJAS', 2, 'PLAZA PRINCIPAL S/N - EL PUEBLITO', 2, -12.0178, -77.004),
(69, 'I.E. Nº 1173 JULIO C.TELLO ROJAS', 3, 'PLAZA PRINCIPAL S/N - EL PUEBLITO', 2, -12.0178, -77.004),
(70, 'I.E. Nº 1173 JULIO C.TELLO ROJAS', 8, 'PLAZA PRINCIPAL S/N - EL PUEBLITO', 2, -12.0178, -77.004),
(71, 'I.E. Nº 1173 JULIO C.TELLO ROJAS', 6, 'PLAZA PRINCIPAL S/N - EL PUEBLITO', 2, -12.0178, -77.004),
(72, 'I.E. Nº 1181 ALBERT EISTEIN', 2, 'JR. LOS EBANOS S/N - MZA 137 LOTE 01,ALT. PARADERO 12', 2, -12.0056, -77.0142),
(73, 'I.E. Nº 1181 ALBERT EISTEIN', 3, 'JR. LOS EBANOS S/N - MZA 137 LOTE 01,ALT. PARADERO 13', 2, -12.0056, -77.0142),
(74, 'I.E. Nº 1181 ALBERT EISTEIN', 6, 'JR. LOS EBANOS S/N - MZA 137 LOTE 01,ALT. PARADERO 14', 2, -12.0056, -77.0142),
(75, 'I.E. Nº 1181 ALBERT EISTEIN', 8, 'JR. LOS EBANOS S/N - MZA 137 LOTE 01,ALT. PARADERO 15', 2, -12.0056, -77.0142),
(76, 'CETPRO MICAELA BASTIDAS', 4, 'JR. JOSE ANTONIO ENCINAS Nº 400', 2, -12.019, -77.0105),
(77, 'I.E.T.P. TÉCNICO SAN HILARION ', 4, 'CALLE LAS MANDRAGORAS Nº 417', 2, -12.0057, -77.01),
(78, 'FE Y ALEGRÍA Nº 04', 1, 'PSJE.RAUL PORRAS BARRENECHEA S/N.', 2, -12.023, -77.0102),
(79, 'FE Y ALEGRÍA Nº 04', 2, 'PSJE.RAUL PORRAS BARRENECHEA S/N.', 2, -12.023, -77.0102),
(80, 'FE Y ALEGRÍA Nº 05', 3, 'PJE.HIPOLITO UNANUE S/N', 2, -12.0247, -77.0101),
(81, 'I.E.I. Nº 057  PASITOS DE JESUS', 1, 'JR. PIEDRA BIGUA S/N', 2, -11.9935, -77.0026),
(82, 'I.E.I. Nº 060 CORAZON DE JESUS', 1, 'AV.LOS CISNES, MZ. D, LOTE 27', 2, -12.0153, -77.0004),
(83, 'I.E.I. Nº 063  VIRGEN DE  LOURDES', 1, 'PASAJE LAS ORQUIDEAS S/N', 2, -11.9973, -76.9958),
(84, 'I.E.I. Nº 084 VIRGEN MARIA', 1, 'JR. PIEDRA BIGUA S/N. CALLE 149 PARQUE Nº 10', 2, -11.9989, -77.0021),
(85, 'I.E.I. Nº 115-17  SAN JUDAS TADEO', 1, 'MZ  D - LOTE 10 , 1ERA. ETAPA', 2, -12.0152, -76.9982),
(87, 'I.E.I. Nº 115-16 VIRGEN DEL CARMEN', 1, 'JR. LAS GRAVAS Nº 2460 MZ V-1 LT.4', 2, -11.9911, -77.0093),
(88, 'I.E.I. Nº 115-5 REPUBLICA HELENICA', 1, 'CALLE LOS  ZAFIROS S/N. MZ. W1 LT. 2', 2, -11.988, -77.0078),
(89, 'SAN GABRIEL', 3, 'MZ X LT N 1', 2, 0, 0),
(90, 'I.E. Nº 0091 SANTA FE', 2, 'JR. LOS GIRASOLES  S/N', 2, -11.9971, -76.9969),
(91, 'I.E. Nº 0091 SANTA FE', 3, 'JR. LOS GIRASOLES  S/N', 2, -11.9971, -76.9969),
(92, 'I.E. Nº 0092 ALFRED NOBEL', 1, 'JR. LAS GRAVAS 2032 - MZA L', 2, -11.9986, -77.0074),
(93, 'I.E. Nº 0092 ALFRED NOBEL', 2, 'JR. LAS GRAVAS 2032 - MZA L', 2, -11.9986, -77.0074),
(94, 'I.E. Nº 0092 ALFRED NOBEL', 3, 'JR. LAS GRAVAS 2032 - MZA L', 2, -11.9986, -77.0074),
(95, 'I.E. Nº 0109 INCA MANCO CAPAC', 2, 'JR. LOS JASPES MZ. I-4, LT. 1', 2, -11.9984, -76.9998),
(96, 'I.E. Nº 0109 INCA MANCO CAPAC', 3, 'JR. LOS JASPES MZ. I-4, LT. 1', 2, -11.9984, -76.9998),
(97, 'I.E. Nº 0109 INCA MANCO CAPAC', 8, 'JR. LOS JASPES MZ. I-4, LT. 1', 2, -11.9984, -76.9998),
(98, 'I.E. Nº 0109 INCA MANCO CAPAC', 6, 'JR. LOS JASPES MZ. I-4, LT. 1', 2, -11.9984, -76.9998),
(99, 'I.E. Nº 0110 SAN  MARCOS ', 2, 'JR. LOS COLIBRIES  S/N ', 2, -12.014, -76.9998),
(100, 'I.E. Nº 0110 SAN  MARCOS ', 3, 'JR. LOS COLIBRIES  S/N ', 2, -12.014, -76.9998),
(101, 'I.E. Nº 0126 JAVIER PEREZ DE CUELLAR', 2, 'JR.CANTO RODADO N? 620', 2, -11.9933, -77.0021),
(102, 'I.E. Nº 0126 JAVIER PEREZ DE CUELLAR', 3, 'JR.CANTO RODADO N? 620', 2, -11.9933, -77.0021),
(103, 'I.E. Nº 0128 LA LIBERTAD', 1, 'JR. ENERGITAS S/N  II ETAPA', 2, -12.0085, -76.9973),
(104, 'I.E. Nº 0128 LA LIBERTAD', 2, 'JR. ENERGITAS S/N  II ETAPA', 2, -12.0085, -76.9973),
(105, 'I.E. Nº 0128 LA LIBERTAD', 3, 'JR. ENERGITAS S/N  II ETAPA', 2, -12.0085, -76.9973),
(106, 'I.E. Nº 0138 PROCERES DE LA INDEPENDENCIA', 2, 'JR.REJALGAR Nº 785 3RA.ETAPA', 2, -12.0038, -76.9965),
(107, 'I.E. Nº 0138 PROCERES DE LA INDEPENDENCIA', 3, 'JR.REJALGAR Nº 785 3RA.ETAPA', 2, -12.0038, -76.9965),
(108, 'I.E. Nº 0168  AMISTAD PERU-JAPON', 2, 'JR.LAS GRAVAS CDRA.18 S/N', 2, -12.0033, -77.0054),
(109, 'I.E. Nº 0168  AMISTAD PERU-JAPON', 3, 'JR.LAS GRAVAS CDRA.18 S/N', 2, -12.0033, -77.0054),
(110, 'CEBA PILOTO MADRE DE TERESA DE CALCUTA - EX CEBA PAEBA SAN JUAN DE LURIGANCHO', 6, 'JR.LAS GRAVAS CDRA.18 S/N', 2, -12.0033, -77.0055),
(111, 'I.E. Nº 0170 SANTA ROSA DEL SAUCE', 1, 'JR. LAS ROSAS S/N', 2, -12.0089, -76.9889),
(112, 'I.E. Nº 0170 SANTA ROSA DEL SAUCE', 2, 'JR. LAS ROSAS S/N', 2, -12.0089, -76.9889),
(113, 'I.E. Nº 0170 SANTA ROSA DEL SAUCE', 3, 'JR. LAS ROSAS S/N', 2, -12.0089, -76.9889),
(114, 'I.E. Nº 0171-7  COVARRUBIA DE LA FUENTE (F.RD./CNOB)', 2, 'ASOC.POBLAD.SAUCE II - Mz. A Lt.28-B S/N', 2, -12.0063, -76.9921),
(115, 'I.E.T.P. SEÑOR DE LOS MILAGROS ', 4, 'JR. AGUA MARINA Nº 121', 2, -11.9945, -77.0095),
(116, 'PRITE LOS ANGELITOS', 7, 'JR. LOS URUBUES MZ.I, LT11, HORIZONTE ZARATE', 2, -12.0165, 0),
(117, 'I.E. Nº 0169', 2, 'MZ. V1,  LOTE 1 al 22', 2, -11.9888, -77.0065),
(118, 'I.E. Nº 0169', 3, 'MZ. V1,  LOTE 1 al 22', 2, -11.9888, -77.0065),
(119, 'I.E.I. SEMILLITAS DE LA PAZ', 1, 'MZ. K, LOTE 13, EL ARENAL DE  CTO GRANDE (ENTRE LA AV. SAN MARTIN  Y STA ROSA )', 2, -12.0296, -77.01),
(120, 'I.E.I. Nº 098', 1, 'MZA. P LOTE 1', 2, -11.9862, -76.9947),
(121, 'I.E.I. Nº 107   ISRAEL', 1, 'CALLE 12 Y 7, MZ. L', 2, -11.9751, -76.9883),
(122, 'I.E.I. Nº 108', 1, 'JR. ALMIRANTE GRAU, MZ. A, LT.13', 2, -11.98, -76.9905),
(123, 'I.E.I. Nº 115', 1, 'MZ. S - 2 , L-5, I ZONA, JUAN PABLO II', 2, -11.9815, -76.9843),
(124, 'I.E.I. Nº 115-9  NUEVA  ESPERANZA ', 1, 'V ZONA - CALLE 32 - SECTOR JUAN PABLO II', 2, -11.9833, -76.976),
(125, 'I.E.I. Nº 115-15  NIÑO JESUS', 1, 'AV.LOS GRANADOS S/N., 4TA.ZONA', 2, -11.9802, -76.9807),
(126, 'I.E.I. Nº 115-21', 1, 'CALLE 27 S/N., 3RA.ZONA', 2, -11.9824, -76.9798),
(127, 'I.E.I. Nº 115-25 CUNA DE JESUS', 1, 'MZ.Z, LOTE 2-INTERSEC. DE LA CALLE 1 Y 8, ADYCENTE AL PARQUE N?01 Y POSTA MEDICA', 2, -11.9766, -76.9884),
(128, 'I.E.I. Nº 041 EL BOSQUECITO', 1, 'AV. LOS CIRUELOS CDRA. 8, ASOC. DE VIVIENDA GARAGAY', 2, -11.9812, -76.9989),
(129, 'I.E. Nº 1182 EL BOSQUE', 2, 'AV.LOS CIRUELOS Nº 898', 2, -11.9802, -76.9983),
(130, 'I.E. Nº 0150 HEROES DE LA BREÑA', 2, 'AV. HEROES  DE LA  BREÑA S/N. (Huanta I )', 2, -11.988, -76.9941),
(131, 'I.E. Nº 0150 HEROES DE LA BREÑA', 3, 'AV. HEROES  DE LA  BREÑA S/N. (Huanta I )', 2, -11.988, -76.9941),
(132, 'I.E. Nº 0154 CARLOS NORIEGA JIMENEZ', 2, 'MZ M LOTE S/N., AV. ISRAEL (REFERENCIA MCDO,MOLES , BAJAR BANCHERO A 4 CDRAS.', 2, -11.9743, -76.9883),
(133, 'I.E. Nº 0154 CARLOS NORIEGA JIMENEZ', 3, 'MZ M LOTE S/N., AV. ISRAEL (REFERENCIA MCDO,MOLES , BAJAR BANCHERO A 4 CDRAS.', 2, -11.9743, -76.9883),
(134, 'I.E. Nº 0156 EL PORVENIR', 2, 'MZ. F S/N.', 2, -11.9734, -76.9894),
(146, 'I.E. Nº 1182 EL BOSQUE', 3, 'AV.LOS CIRUELOS Nº 898', 2, -11.9802, -76.9983),
(152, 'I.E. Nº 0156 EL PORVENIR', 3, 'MZ. F S/N.', 2, -11.9734, -76.9894),
(153, 'I.E. Nº 0157  CAP. FAP. JOSE A. QUIÑONES', 3, 'AV. PROL. SAN MARTIN S/N-Sector  Juan Pablo II, 1º ZONA', 2, -11.9823, -76.9849),
(154, 'I.E. Nº 0171-10 HANNI ROLFES', 2, 'JR.LOS GRANADOS S/N, MZ. Q2, LOTE 1, 4TA. ZONA- CTO GRANDE', 2, -11.9804, -76.9783),
(155, 'I.E.T.P. HUANTA', 4, 'MZ. P, LOTE 03', 2, -11.9853, -76.994),
(156, 'I.E.B.A. MANUEL GONZALES PRADA  (CEBA ) - (EX- JOSE OLAYA)', 8, 'AV. SANTA ROSA   S/N - Penal San Pedro - Lurigancho', 2, -11.991, -76.9974),
(157, 'I.E.T.P. JOSE OLAYA', 6, 'AV. SANTA ROSA   S/N - Penal San Pedro - Lurigancho', 2, -11.991, -76.9974),
(158, 'I.E.T.P. JUAN PABLO II', 4, 'AV.SANTA ROSA S/N - Penal Castro Castro', 2, -11.9835, -76.9892),
(159, 'MIS PRIMEROS PASOS AZUL', 1, 'AV. LAS FLORES S/N 27 DE MARZO AMP. LA ROCA ', 2, -12.0296, -77.01),
(160, 'HUELLITAS DE JESUS', 1, 'MZ. K LT. 5 SEÑOR DE LOS MILAGROS', 2, -11.9668, -76.9811),
(161, 'GOTITAS DE AMOR ', 1, 'MZ. F  LT. 08 PARCELA - 01 SECTOR - 04', 2, -11.9681, -76.9693),
(162, 'RAYITO DE SOL', 1, 'MZ I-3 ,LTE.11. AA.H.H.LA PARCELA II', 2, -12.0295, -77.0099),
(163, 'I.E.I. Nº 104 SANTA MARIA', 1, 'MZ. L 1 S/N.', 2, -11.9623, -76.979),
(164, 'I.E.I. Nº 112', 1, 'JR. LAS LILAS S/N.,MZ.  D, LOTE  5', 2, -11.9653, -76.9863),
(165, 'I.E.I. Nº 113 DIVINO NIÑO JESUS', 1, 'MZ. C-10, LT. 6', 2, -11.9699, -76.9918),
(166, 'I.E.I. Nº 115-1 LA SEMILLITA', 1, 'MZ. B-9, B-17, II SECTOR', 2, -11.9608, -76.9817),
(167, 'I.E.I. Nº 115-14 LOS RUISEÑORES', 1, 'JR.LOS LIRIOS S/N', 2, -11.9721, -76.9848),
(168, 'I.E.I. Nº 115-26', 1, 'Mz.   V-2  Lt.   1  -  2  Etapa, CALLE D', 2, -11.9659, -76.9709),
(169, 'I.E.I. Nº 115-29 LOS ANGELITOS', 1, 'MZ.D-8 S/N.  PARQUE CENTRAL', 2, -11.9583, -76.9804),
(170, 'I.E.I. Nº 115-31 GOTITAS DE AMOR', 1, 'JR. JUAN JOSE FLORES, MZ.  C, LOTE 3', 2, -11.9604, -76.978),
(171, 'I.E. Nº 0139  GRAN AMAUTA MARIATEGUI', 2, 'AV. CENTRO CIVICO S/N - Coop. Huancaray', 2, -11.9661, -76.9893),
(172, 'I.E. Nº 0139  GRAN AMAUTA MARIATEGUI', 3, 'AV. CENTRO CIVICO S/N - Coop. Huancaray', 2, -11.9661, -76.9893),
(173, 'I.E. Nº 0141 VIRGEN DE COCHARCAS', 2, ' MZ. K , LOTE 7 - COOP. LA UNION', 2, -11.9684, -76.9884),
(174, 'I.E. Nº 0158 SANTA MARIA', 2, 'CALLE D S/N', 2, -11.9659, -76.977),
(175, 'I.E. Nº 0158 SANTA MARIA', 3, 'CALLE D S/N', 2, -11.9659, -76.977),
(176, 'I.E. Nº 0164 EL AMAUTA', 2, 'MZ. F LOTE 2-3', 2, -11.9642, -76.9875),
(177, 'I.E. Nº 0164 EL AMAUTA', 3, 'MZ. F LOTE 2-3', 2, -11.9642, -76.9875),
(178, 'I.E. Nº 0171-3 SEÑOR DE LOS MILAGROS', 2, 'JR. LOS LIRIOS S/N ', 2, -11.9722, -76.9848),
(179, 'I.E. RAMIRO PRIALE PRIALE', 3, 'AV.Circunvalacion S/N  Alt. Parad. 13  Av. Wisse', 2, -11.9694, -76.9879),
(180, '27 DE MARZO', 1, 'PJE. PROGRESO S/N MZ.0 Lt. CE.', 2, -11.9601, -76.976),
(181, '28 DE MARZO', 2, 'PJE. PROGRESO S/N MZ.0 Lt. CE.', 2, -11.9601, -76.976),
(182, 'CASITA AMIGA DE RURICANCHO', 1, 'MZ D LT. 15 ETAPA II GRUPO 5', 2, 0, 0),
(183, 'CAMINITO DE MOTUPE', 1, 'MZ J LT 13 ETAPA I GRUPO 3', 2, 0, 0),
(184, 'PASITOS DEL SABER ', 1, 'AGRUPACION FAMILIAR AMPLIACION 1 DE MAYO MZ.P LTE 1', 2, -11.9429, -76.9677),
(185, 'I.E.I. Nº 105 - YOY MARINA GARATE BARDALES', 1, 'PARQUE PRINCIPAL S/N., SECTOR 2', 2, -11.942, -76.9765),
(186, 'I.E.I. Nº 106  INDOAMERICA', 1, 'URB.SN.J.OBRERO MZ.R-5, R-12', 2, 0, -76.9779),
(187, 'I.E.I. Nº 111 STA.ROSITA', 1, 'PSJE. LAS LILAS S/N., MZ. O 5 Y O 12 -II Sector', 2, 0, -76.9791),
(188, 'I.E.I. Nº 115-10  MUNDO DEL SABER', 1, 'MZ. M-5  Y M-12, II ETAPA', 2, -11.9475, -76.9826),
(189, 'I.E.I. Nº 115-13', 1, 'MZ.  C  LT.  4   S/N  - GRUPO   4', 2, -11.9407, -76.9716),
(190, 'I.E.I. Nº 115-18 JUANA ALARCO DE DAMMERT.', 1, 'MZ. K-8, K-13 -  II  SECTOR', 2, -11.9517, -76.983),
(191, 'I.E.I. Nº 115-24 SEMILLITAS DEL SABER', 1, 'Mz. U, Lote -01', 2, -11.9402, -76.9667),
(192, 'I.E.I. Nº 115-23 SEÑOR DE LOS MILAGROS', 1, 'JR. PEREZ DE TUDELA  S/N  II  Sector(BAJAR CURVA CENRTRAL R. (KW)', 2, -11.956, -76.9793),
(193, 'I.E.I. Nº 115-27  MI  PEQUE?O  MUNDO', 1, 'MZ. H, LT. 07', 2, -11.956, -76.9774),
(194, 'I.E. Nº 0151 MICAELA BASTIDAS', 2, 'CALLE 60, Mz. I, Grupo 5', 2, -11.9398, -76.9765),
(195, 'I.E. Nº 0151 MICAELA BASTIDAS', 3, 'CALLE 60, Mz. I, Grupo 5', 2, -11.9398, -76.9765),
(196, 'I.E. Nº 0151 MICAELA BASTIDAS', 8, 'CALLE 60, Mz. I, Grupo 5', 2, -11.9398, -76.9765),
(197, 'I.E. Nº 0151 MICAELA BASTIDAS', 6, 'CALLE 60, Mz. I, Grupo 5', 2, -11.9398, -76.9765),
(198, 'I.E. Nº 0162  SAN JOSE OBRERO', 2, 'AV. AMPLIACION S/N - MARISCAL CACERES', 2, -11.9476, -76.9758),
(199, 'I.E. Nº 0162  SAN JOSE OBRERO', 3, 'AV. AMPLIACION S/N - MARISCAL CACERES', 2, -11.9476, -76.9758),
(200, 'I.E. Nº 0163  TENIENTE CORONEL NESTOR ESCUDERO OTERO', 2, 'AV.PROLONGACION WIESSE S/N.', 2, -11.9385, -76.9712),
(201, 'I.E. Nº 0163  TENIENTE CORONEL NESTOR ESCUDERO OTERO', 3, 'AV.PROLONGACION WIESSE S/N.', 2, -11.9385, -76.9712),
(202, 'I.E. Nº 0163  TENIENTE CORONEL NESTOR ESCUDERO OTERO', 4, 'AV.PROLONGACION WIESSE S/N.', 2, -11.9385, -76.9712),
(203, 'I.E. Nº 0167  MARIA REICHE', 1, 'MZ. Z  L0TE 12 S/N', 2, -11.9531, -76.9771),
(204, 'I.E. Nº 0167  MARIA REICHE', 2, 'MZ. Z  L0TE 12 S/N', 2, -11.9531, -76.9771),
(205, 'I.E. Nº 171-4 CONSUELO S. CRISANTO SALINAS', 2, 'MZ. P - LOTE 2', 2, -11.9402, -76.9655),
(206, 'I.E. ANTONIA MORENO DE CACERES', 2, 'AV. CENTRAL S/N, MZ. N6, LOTE 1', 2, -11.949, -76.9808),
(207, 'I.E. ANTONIA MORENO DE CACERES', 3, 'AV. CENTRAL S/N, MZ. N6, LOTE 2', 2, -11.949, -76.9808),
(208, 'I.E. SAN ANTONIO DE JICAMARCA', 1, 'MZ. H  LOTE 4,5,6 -El Pedregal - Comunidad Campesina de Jicamarca', 2, -11.9326, -76.9655),
(209, 'I.E. SAN ANTONIO DE JICAMARCA', 2, 'MZ. H  LOTE 4,5,6 -El Pedregal - Comunidad Campesina de Jicamarca', 2, -11.9326, -76.9655),
(210, 'I.E. SAN ANTONIO DE JICAMARCA', 3, 'MZ. H  LOTE 4,5,6 -El Pedregal - Comunidad Campesina de Jicamarca', 2, -11.9326, -76.9655),
(211, 'I.E. Nº 0166 KAROL WOJTYLA', 2, 'AV.CIRCUNVALACION S/N', 2, -11.9552, -76.9809),
(212, 'I.E. Nº 0166 KAROL WOJTYLA', 3, 'AV.CIRCUNVALACION S/N', 2, -11.9552, -76.9809),
(213, 'I.E. Nº 0171-8', 2, 'Mz C,  LOTE 16, AV. NACIONES UNIDAS S/N.', 2, -11.9559, -76.9726),
(214, 'I.E.I. JOYITAS DE JESUS', 1, 'PASAJE 86 S/N PROGRAMA MARICAL CACERES SECTRO IV 1ERA. ETAPA ', 2, -11.949, -76.9745),
(215, 'CESAR VALLEJO', 3, 'MZ V,LTE.1. AA.HH.CESAR VALLEJO', 2, -11.9396, -76.9656),
(216, 'PRITE CRUZ DE MOTUPE', 7, 'GRUPO 5, CALLE 40', 2, 0, -76.975),
(217, 'TÚPAC AMARU II', 3, 'MZ I LT 21 ETAPA II GRUPO 7', 2, 0, 0),
(218, 'ESPERANZA DEL PERU ', 1, 'MZ. J LT. 08 INTEGRACI?N SOLIDARIADA Y PROGRESO', 2, -11.9422, -77.0037),
(219, 'CRISTO REY- A ', 1, 'MZ G ,LTE.1 Y 2 . AA.HH.CRISTO REY , SECTOR 5  (ALT, CASA BLANCA)', 2, -11.9394, -77.0109),
(220, 'JULIA VALENZUELA  ', 1, 'MZ F , Lte.03 SECTOR. AAHHH. SANTA MARIA DE JESUSector huayrona', 2, -11.9391, -77.0146),
(221, 'MI PEQUEÑO ANGELITO', 1, 'MZ.  E LT. 3 ', 2, -11.9362, -76.9878),
(222, 'ESTRELLITA DE BELEN-A', 1, 'MZ H LTE.9- SECTOR LOS JARDINES-AA.HH. INTEGRACIÓN Y PROGRESO ', 2, -11.9458, -76.9928),
(223, 'I.E.I. Nº 099 KAROL WOJTYLA', 1, 'AV. EL PARQUE S/N., LT. E4, ENTRE MZ. L2 Y L13', 2, -11.9409, -76.9927),
(224, 'I.E.I. Nº 102 VIRGEN DEL ROSARIO', 1, 'Jr. Fray Diego de B. #124 Mz. A-12 y A-5, junto al parque 10 de Octubre(Alt Pard  4 -Wiesse)', 2, -11.9474, -76.9874),
(225, 'I.E.I. Nº 115-2  NI?O JESUS MARISCAL CHAPERITO', 1, 'AV. DEL PARQUE S/N - II ETAPA', 2, -11.9421, -76.9902),
(226, 'I.E.I. Nº 115-3', 1, 'PROL. V-44, LOTE E-5, FRENTE A MZ.N-17 DEL III SECTOR - Asoc. Casa Blanca', 2, 0, -76.9975),
(227, 'I.E.I. Nº 115-11', 1, 'MZ. X-3, LT. 1, 5TA.ETAPA', 2, -11.9309, -76.9911),
(228, 'I.E.I. Nº 115-20 DIVINO NIÑO JESUS', 1, 'MZ. Q-5, Q12, LOTE E-I-5, URB. MARISCAL CACERES', 2, -11.9386, -76.9914),
(229, 'NIÑO MANUELITO-A', 1, 'MZ. E LT.01  SECTOR  III', 2, -11.9403, -76.9826),
(230, 'I.E.I. Nº 109', 1, 'CALLE 67, MZ A,N y F - S/N 2DA ETAPA GRUPO 7- LOTE 02', 2, -11.9368, -76.9781),
(231, 'I.E.I. Nº 115-6   LOS  ANGELES ', 1, 'GRUPO Nº 6 S/N.', 2, -11.9371, -76.9761),
(232, 'I.E. Nº 0146 SU SANTIDAD JUAN  PABLO II', 2, 'Jr. PARALELO S/N', 2, -11.944, -76.9913),
(233, 'I.E. Nº 0146 SU SANTIDAD JUAN  PABLO II', 3, 'Jr. PARALELO S/N', 2, -11.944, -76.9913),
(234, 'I.E. Nº 0146 SU SANTIDAD JUAN  PABLO II', 6, 'Jr. PARALELO S/N', 2, -11.944, -76.9913),
(235, 'I.E. Nº 0152 JOSE CARLOS MARIATEGUI', 2, 'AV.AMPLIACION OESTE  S/N', 2, -11.9406, -76.9851),
(236, 'I.E. Nº 0152 JOSE CARLOS MARIATEGUI', 3, 'AV.AMPLIACION OESTE  S/N', 2, -11.9406, -76.9851),
(237, 'I.E. Nº 0159 GLORIOSO DIEZ DE OCTUBRE', 2, 'JR.EL PEÑON S/N', 2, -11.9477, -76.9895),
(238, 'I.E. Nº 0159 GLORIOSO DIEZ DE OCTUBRE', 3, 'JR.EL PEÑON S/N', 2, -11.9477, -76.9895),
(239, 'I.E. Nº 0171-1 JUAN  VELASCO ALVARADO', 2, 'JR. DEL PARQUE S/N', 2, -11.9351, -76.988),
(240, 'I.E. Nº 0171-1 JUAN  VELASCO ALVARADO', 3, 'JR. DEL PARQUE S/N', 2, -11.9351, -76.988),
(241, 'I.E. Nº 1183  SAUL CANTORAL HUAMANI', 2, 'AV. SAUL CANTORAL S/N, 2DA. CUADRA', 2, -11.9396, -77.002),
(242, 'I.E. Nº 1183  SAUL CANTORAL HUAMANI', 3, 'AV. SAUL CANTORAL S/N, 2DA. CUADRA', 2, -11.9396, -77.002),
(243, 'I.E. DIEZ DE MARZO', 1, 'CALLE 2 Y PASAJE 2 S/N.(Amp. Motupe)', 2, -11.9323, -76.9783),
(244, 'I.E. DIEZ DE MARZO', 2, 'CALLE 2 Y PASAJE 2 S/N.(Amp. Motupe)', 2, -11.9323, -76.9783),
(245, 'I.E. CASA BLANCA DE JESUS ', 1, 'JR. DELTA S/N', 2, -11.9386, -76.9973),
(246, 'I.E. CASA BLANCA DE JESUS ', 2, 'JR. DELTA S/N', 2, -11.9386, -76.9973),
(247, 'I.E. CASA BLANCA DE JESUS ', 3, 'JR. DELTA S/N', 2, -11.9386, -76.9973),
(248, 'PRITE CANTO GRANDE', 7, 'JR. DELTA S/N.', 2, 0, 0),
(249, 'FE Y ALEGRÍA Nº 032', 2, 'AV.EL MERCADO S/N', 2, -11.9408, -76.9913),
(250, 'FE Y ALEGRÍA Nº 032', 3, 'AV.EL MERCADO S/N', 2, -11.9408, -76.9913),
(251, 'FE Y ALEGRÍA Nº 032', 4, 'AV.EL MERCADO S/N', 2, -11.9408, -76.9913),
(252, 'SAUL CANTORAL HUAMANI', 1, 'Mz-A3, Lte.05', 2, -11.9393, -77.0016),
(253, 'SEÑOR DE LA JUSTICIA', 1, 'CALLE FRANCISCO INGA S/N Mz. B11', 2, -11.9489, -76.989),
(254, 'ASOC.EDUCATIVA RELIGIOSA MARIA Y JESUS (C.PRIV)2015', 1, 'CALLE 55 , MZ I-8, Lte.3 AA.HH. JOSE CARLOS MARIATEGUI', 2, -11.9489, -76.989),
(255, 'ASOC.EDUCATIVA RELIGIOSA MARIA Y JESUS (C.PRIV)2016', 2, 'CALLE 55 , MZ I-8, Lte.3 AA.HH. JOSE CARLOS MARIATEGUI', 2, -11.9489, -76.989),
(256, 'FE Y ALEGRÍA Nº 37', 1, 'MANZANAS M-1, N-1, Ñ-1, O-1, P-1, Q-1', 2, -11.9372, -76.9726),
(257, 'FE Y ALEGRÍA Nº 37', 2, 'MANZANAS M-1, N-1, Ñ-1, O-1, P-1, Q-1', 2, -11.9372, -76.9726),
(258, 'FE Y ALEGRÍA Nº 37', 3, 'MANZANAS M-1, N-1, Ñ-1, O-1, P-1, Q-1', 2, -11.9372, -76.9726),
(259, 'FE Y ALEGRÍA Nº 37', 7, 'MANZANAS M-1, N-1, Ñ-1, O-1, P-1, Q-1', 2, -11.9372, -76.9726),
(260, 'EL HOGAR DE JOSE Y MARIA', 1, 'AA.HH. BELÉN MZ ED', 2, 0, 0),
(261, 'JOYITAS DE MARIA-I', 1, 'CALLE LOTE EDUCACIÓN S/N MZ. Y UNIDAD 2A', 2, -11.9699, -77.0082),
(262, 'I.E.I. Nº 062', 1, 'PASAJES YAUYOS, ARICA Y STA. ROSA S/N., SECTOR C, GRUPO 2', 2, -11.9658, -77.0108),
(263, '069 MACHU PICCHU', 2, 'JR. QUILLABAMBA Nº 281', 2, -11.9717, -77.009),
(264, '70 MACHU PICCHU', 3, 'JR. QUILLABAMBA Nº 281', 2, -11.9717, -77.009),
(265, 'I.E.I. Nº 70', 1, 'AV. CANTO GRANDE, PDRO. 14, GRUPO 9, MZ. 7 Y 9 ', 2, 0, -77),
(266, 'I.E.I. Nº 080 LAS TERRAZAS', 1, 'AA. HH. LAS TERRAZAS MZ.Q-LOTE 5 ', 2, -11.9736, -77.0134),
(267, 'I.E. Nº 116 ABRAHAM VALDELOMAR', 1, 'AV. FRANCISCO BOLOGNESI S/N, ALT. PARADERO 15', 2, -11.9584, -77.0002),
(268, 'I.E. Nº 116 ABRAHAM VALDELOMAR', 2, 'AV. FRANCISCO BOLOGNESI S/N, ALT. PARADERO 16', 2, -11.9584, -77.0002),
(269, 'I.E. Nº 116 ABRAHAM VALDELOMAR', 3, 'AV. FRANCISCO BOLOGNESI S/N, ALT. PARADERO 16', 2, -11.9584, -77.0002),
(270, 'I.E. Nº 0125  RICARDO PALMA', 2, 'AV.JOSE C. MARIATEGUI S/N ALT. PARD.# 7', 2, -11.958, -77.0047),
(271, 'I.E. Nº 0125  RICARDO PALMA', 3, 'AV.JOSE C. MARIATEGUI S/N ALT. PARD.# 7', 2, -11.958, -77.0047),
(272, 'I.E. Nº 0131 MONITOR HUASCAR', 2, 'AV. SAN MARTIN S/N, SECTOR C,ALT. PARADERO 3', 2, -12.006, -77.0076),
(273, 'I.E. Nº 0131 MONITOR HUASCAR', 3, 'AV. SAN MARTIN S/N, SECTOR C,ALT. PARADERO 3', 2, -12.006, -77.0076),
(274, 'I.E. Nº 0145  INDEPENDENCIA AMERICANA ', 2, 'HUASCAR  SECTOR  B. Grupo 18, JR. LOS NARDOS - CANTO GRANDE', 2, -11.9509, -77.004),
(275, 'I.E. Nº 0145  INDEPENDENCIA AMERICANA ', 3, 'HUASCAR  SECTOR  B. Grupo 18, JR. LOS NARDOS - CANTO GRANDE', 2, -11.9509, -77.004),
(276, 'I.E. Nº 0171-02  LAS TERRAZAS', 2, 'JR. LOS LIBERTADORES S/N.', 2, -11.9731, -77.0137),
(277, 'I.E. Nº 0171-02  LAS TERRAZAS', 3, 'JR. LOS LIBERTADORES S/N.', 2, -11.9731, -77.0137),
(278, 'I.E. CORONEL FRANCISCO BOLOGNESI CERVANTES', 1, 'AV FRANCISCO BOLOGNESI S/N', 2, -11.9651, -77.0044),
(279, 'I.E. CORONEL FRANCISCO BOLOGNESI CERVANTES', 2, 'AV FRANCISCO BOLOGNESI S/N', 2, -11.9651, -77.0044),
(280, 'I.E. CORONEL FRANCISCO BOLOGNESI CERVANTES', 3, 'AV FRANCISCO BOLOGNESI S/N', 2, -11.9651, -77.0044),
(281, 'I.E. CORONEL FRANCISCO BOLOGNESI CERVANTES', 8, 'AV FRANCISCO BOLOGNESI S/N', 2, -11.9651, -77.0044),
(282, 'I.E. CORONEL FRANCISCO BOLOGNESI CERVANTES', 6, 'AV FRANCISCO BOLOGNESI S/N', 2, -11.9651, -77.0044),
(283, 'PRITE HERMANO ANDRES ', 7, 'CALLE 12 S/N., SECTOR A', 2, 0, -77.0053),
(284, 'SEÑOR DE LA ESPERANZA', 7, 'CALLE 12 S/N, PARADERO 01', 2, 0, -77.0053),
(285, 'I.E.I. REINO DE LOS NIÑOS ', 1, 'UPIS. HUASCAR GRUPO 16  SECTOR -B', 2, -12.0296, -77.01),
(286, 'I.E.I. LAS SEMILLITAS ', 1, 'UPIS. HUASCAR GRUPO 10 ', 2, -11.9627, -77.0049),
(287, 'FE Y ALEGRÍA Nº 025', 1, 'AV. MACHU PICHU  S/N / CTO GRANDE', 2, -11.9691, -77.011),
(288, 'FE Y ALEGRÍA Nº 025', 2, 'AV. MACHU PICHU  S/N / CTO GRANDE', 2, -11.9691, -77.011),
(289, 'FE Y ALEGRÍA Nº 025', 3, 'AV. MACHU PICHU  S/N / CTO GRANDE', 2, -11.9691, -77.011),
(290, 'FE Y ALEGRÍA Nº 025', 4, 'AV. MACHU PICHU  S/N / CTO GRANDE', 2, -11.9691, -77.011),
(291, 'FE Y ALEGRÍA Nº 025', 7, 'AV. MACHU PICHU  S/N / CTO GRANDE', 2, -11.9691, -77.011),
(292, 'I.E. Nº 0117 SIGNOS DE FE', 1, 'MZA. B, LOTE 1- AA.HH. MANOS DE DIOS  II, HUASCAR B', 2, -11.947, -77.0095),
(293, 'I.E. Nº 0117 SIGNOS DE FE', 2, 'MZA. B, LOTE 1- AA.HH. MANOS DE DIOS  II, HUASCAR B', 2, -11.947, -77.0095),
(294, 'I.E. Nº 0117 SIGNOS DE FE', 3, 'MZA. B, LOTE 1- AA.HH. MANOS DE DIOS  II, HUASCAR B', 2, -11.947, -77.0095),
(295, 'I.E.I. Nº 040', 1, '3ra zona MZ. 58 A LT. 2', 2, -11.9524, -76.9951),
(296, 'I.E.I. Nº 073 ARRIBA PERU', 1, 'MZ 23 A - LOTE 01-2DO.PARQUE CENTRAL', 2, -11.9573, -76.9954),
(297, 'I.E.I. Nº 079 CUNA JARDIN', 1, 'MZ. C-12 S/N., 3RA. ZONA', 2, -11.9509, -76.9917),
(298, 'I.E.I. Nº 092 ', 1, 'PSJE. SEVILLA S/N, ALT. FARMACIA LEO', 2, -11.9574, -76.9918),
(299, 'I.E.I. Nº 110 LOS TESORITOS', 1, 'LOTE E-1-2, SECTOR I, I ETAPA', 2, -11.9608, -76.9903),
(300, 'I.E.I. Nº 115-7  KUMAMOTO ', 1, 'ENTRE MZ. M10 Y M4', 2, -11.9628, -76.9917),
(301, 'I.E. Nº 0120 MANUEL ROBLES ALARCON', 2, 'AV. 1RO. DE MAYO S/N.', 2, -11.9531, -76.9924),
(302, 'I.E. Nº 0120 MANUEL ROBLES ALARCON', 3, 'AV. 1RO. DE MAYO S/N.', 2, -11.9531, -76.9924),
(303, 'IEI. LOS NIÑOS DE JESUS (DIC-15)', 1, 'AV.30 DE JUNIO  PARALELA-A S/N  Mz.R,Lte.1.Sector Cruz Blanca ', 2, -11.9509, -76.9988),
(304, 'I.E. Nº 0142  MARTIR DANIEL ALCIDES CARRION', 2, 'AV. REPUBLICA DE POLONIA S/N. - II ETAPA', 2, -11.9576, -76.9898),
(305, 'I.E. Nº 0142  MARTIR DANIEL ALCIDES CARRION', 3, 'AV. REPUBLICA DE POLONIA S/N. - II ETAPA', 2, -11.9576, -76.9898),
(306, 'I.E. Nº 0148  MAESTRO VICTOR RAUL HAYA DE  LA  TORRE', 2, 'JR. RHOTHERDAN S/N.', 2, -11.9572, -76.9931),
(307, 'I.E. Nº 0148  MAESTRO VICTOR RAUL HAYA DE  LA  TORRE', 3, 'JR. RHOTHERDAN S/N.', 2, -11.9572, -76.9931),
(308, 'I.E. Nº 0153 ALEJANDRO SANCHEZ ARTEAGA', 2, 'AV.REPUB.POLONIA CUADRA 10 S/N.- Mz  W 4 Lote 01', 2, -11.9622, -76.9931),
(309, 'I.E. Nº 0153 ALEJANDRO SANCHEZ ARTEAGA', 3, 'AV.REPUB.POLONIA CUADRA 10 S/N.- Mz  W 4 Lote 01', 2, -11.9622, -76.9931),
(310, 'I.E.T.P. BAYOVAR', 4, 'AV.1RO.DE MAYO S/N., MZ. 32A, LOTE 2, 3RA. ZONA', 2, -11.9511, -76.9906),
(311, 'I.E. Nº  0171  BUENOS AIRES', 2, 'CALLE RUAM S/N ALT. PDRO. 13 DE WIESSE ALA IZQ t.Wiesse)', 2, -11.9644, -76.9926),
(312, 'I.E.I. MI SEGUNDO HOGAR', 1, 'Mz G Lote 3 Etapa I', 2, -11.9615, -76.9986),
(313, 'FE Y ALEGRÍA Nº 026', 2, 'Av. NACIONES UNIDAS S/N  Entre la Mz. 37  y  38', 2, -11.9587, -76.9946),
(314, 'FE Y ALEGRÍA Nº 026', 3, 'Av. NACIONES UNIDAS S/N  Entre la Mz. 37  y  38', 2, -11.9587, -76.9946),
(315, 'I.E.I. Nº 115-22 SANTISIMA VIRGEN DE LOURDES', 1, 'A.H.AMPLIACION SAN FERNANDO S/N.-CANTO BELLO', 2, -11.9757, -77.0206),
(316, 'I.E. Nº 0045 SAN  ANTONIO', 2, 'PASAJE TUMBES  S/N', 2, -12.0047, -77.0169),
(317, 'I.E. Nº 0045 SAN  ANTONIO', 3, 'PASAJE TUMBES  S/N', 2, -12.0047, -77.0169),
(318, 'I.E. Nº 0121 VIRGEN DE FATIMA', 2, 'AV. NUEVO PERU S/N.,MZ. D, LOTE 7-8', 2, -12.0021, -77.0184),
(319, 'I.E. Nº 0121 VIRGEN DE FATIMA', 3, 'AV. NUEVO PERU S/N.,MZ. D, LOTE 7-8', 2, -12.0021, -77.0184),
(320, 'I.E. Nº 0147 MAYOR. EP. LUIS A. GARCIA ROJAS', 2, 'JR. LOS JOBOS S/N, MZ. N1 - (San Hilarión Bajo) ALT. PARADERO 14 LAS FLORES', 2, -11.9999, -77.0126),
(321, 'I.E. Nº 0147 MAYOR. EP. LUIS A. GARCIA ROJAS', 3, 'JR. LOS JOBOS S/N, MZ. N1 - (San Hilarión Bajo) ALT. PARADERO 14 LAS FLORES', 2, -11.9999, -77.0126),
(322, 'I.E. Nº 0087 JOSE MARIA ARGUEDAS', 1, 'JR. LOS GERMANIOS S/N.', 2, -11.9952, -77.0164),
(323, 'I.E. Nº 0087 JOSE MARIA ARGUEDAS', 2, 'JR. LOS GERMANIOS S/N.', 2, -11.9952, -77.0164),
(324, 'I.E. Nº 0087 JOSE MARIA ARGUEDAS', 3, 'JR. LOS GERMANIOS S/N.', 2, -11.9952, -77.0164),
(325, 'I.E.I. Nº 093  CUNA JARDIN', 1, 'JR. CRIPTON S/N., MZ. E-1, LOTE 1, PARADERO 15', 2, -11.9981, -77.0176),
(326, 'IEI. JESUSITO', 1, 'MZ D LTE.20  - SE?OR DE LUREN ', 2, -11.9876, -77.0208),
(327, 'I.E.I. Nº 035   ISABEL FLORES DE OLIVA', 1, 'JR. LAS SABILAS S/N', 2, -12.0007, -77.0121),
(328, 'I.E.I. Nº 038', 1, 'AV. LIMA S/N, MZ. C, LT. 44 - 45', 2, -12.0101, -76.9798),
(329, 'I.E.I. N? 115-28 NIÑO JESUS DE SAN IGNACIO', 1, 'JR. PIMPINELA MZ. D, LOTE 22', 2, -11.991, -77.0136),
(330, 'I.E. Nº 100', 1, 'JR. LOS CENTAUROS  CUADRA 25  S/N - MZA LL LOTE 01, PARADERO 21 DE AV. LAS FLORES', 2, -11.9878, -77.0144),
(331, 'I.E. Nº 101', 2, 'JR. LOS CENTAUROS  CUADRA 25  S/N - MZA LL LOTE 01, PARADERO 21 DE AV. LAS FLORES', 2, -11.9878, -77.0144),
(332, 'I.E. Nº 102', 3, 'JR. LOS CENTAUROS  CUADRA 25  S/N - MZA LL LOTE 01, PARADERO 21 DE AV. LAS FLORES', 2, -11.9878, -77.0144),
(333, 'I.E. Nº 0119 CANTO BELLO', 2, 'AV.CANTO BELLO S/N CDRA.5-SAN FERNANDO', 2, -11.9773, -77.0182),
(334, 'I.E. Nº 0119 CANTO BELLO', 3, 'AV.CANTO BELLO S/N CDRA.5-SAN FERNANDO', 2, -11.9773, -77.0182),
(335, 'I.E. Nº 0132 TORIBIO DE LUZURIAGA Y MEJIA', 1, 'JR. NEVADO DE HUASCARAN 3RA. CUADRA S/N  ', 2, -11.9648, -77.0106),
(336, 'I.E. Nº 0132 TORIBIO DE LUZURIAGA Y MEJIA', 2, 'JR. NEVADO DE HUASCARAN 3RA. CUADRA S/N  ', 2, -11.9648, -77.0106),
(337, 'I.E. Nº 0132 TORIBIO DE LUZURIAGA Y MEJIA', 3, 'JR. NEVADO DE HUASCARAN 3RA. CUADRA S/N  ', 2, -11.9648, -77.0106),
(338, 'I.E. Nº 0137 MIGUEL GRAU SEMINARIO', 2, 'JR. MARTE S/N. -  MZ N LOTE 1 ', 2, -11.9667, -77.002),
(339, 'I.E. Nº 0137 MIGUEL GRAU SEMINARIO', 3, 'JR. MARTE S/N. -  MZ N LOTE 1', 2, -11.9667, -77.002),
(340, 'I.E. Nº 0137 MIGUEL GRAU SEMINARIO', 8, 'JR. MARTE S/N. -  MZ N LOTE 1', 2, -11.9667, -77.002),
(341, 'I.E. Nº 0137 MIGUEL GRAU SEMINARIO', 6, 'JR. MARTE S/N. -  MZ N LOTE 1', 2, -11.9667, -77.002),
(342, 'I.E. Nº 0155 JOSE ANTONIO ENCINAS FRANCO', 2, 'JR.LAS ACASIAS S/N', 2, -11.9934, -77.0119),
(343, 'I.E. Nº 0161  MOISES COLONIA TRINIDAD', 1, 'MZ. Q S/N, ASOC. AYACUCHO, PARADERO 20', 2, -11.9887, -77.0167),
(344, 'I.E. Nº 0161  MOISES COLONIA TRINIDAD', 2, 'MZ. Q S/N, ASOC. AYACUCHO, PARADERO 20', 2, -11.9887, -77.0167),
(345, 'I.E. Nº 0161  MOISES COLONIA TRINIDAD', 3, 'MZ. Q S/N, ASOC. AYACUCHO, PARADERO 20', 2, -11.9887, -77.0167),
(346, 'I.E. Nº 171-5 LOS ANGELES', 1, 'JR. LAS NEBULOSAS CDRA. 26 S/N - MZ. M, LOTE 28', 2, -11.9872, -77.0097),
(347, 'I.E. Nº 171-5 LOS ANGELES', 2, 'JR. LAS NEBULOSAS CDRA. 26 S/N - MZ. M, LOTE 28', 2, -11.9872, -77.0097),
(348, 'I.E.T.P. INDUSTRIAL SAN CARLOS', 4, 'JR.GALAXIA Y AV. EL SOL S/N.', 2, -11.9835, -77.0106),
(349, 'I.E.T.P. SAGRADA  FAMILIA', 4, 'MZ. L, LOTE 16, ENTRE JR. MIMBRERAS Y BADIANES', 2, -11.993, -77.014),
(350, 'I.E.I. Nº 039  JOSE MARIA ARGUEDAS', 1, 'AV. LAS HORTENCIAS Nº 200', 2, -11.9719, -77.0023),
(351, 'I.E. Nº 0086 JOSE MARIA ARGUEDAS', 2, 'AV LAS HORTENCIAS Nº 200 - CANTO GRANDE', 2, -11.9719, -77.0023),
(352, 'I.E. Nº 0086 JOSE MARIA ARGUEDAS', 3, 'AV LAS HORTENCIAS Nº 200 - CANTO GRANDE', 2, -11.9719, -77.0023),
(353, 'I.E. Nº 0086 JOSE MARIA ARGUEDAS', 8, 'AV LAS HORTENCIAS Nº 200 - CANTO GRANDE', 2, -11.9719, -77.0023),
(354, 'I.E. Nº 0086 JOSE MARIA ARGUEDAS', 6, 'AV LAS HORTENCIAS Nº 200 - CANTO GRANDE', 2, -11.9719, -77.0023),
(355, 'I.E. Nº 135 TORIBIO RODRIGUEZ DE MENDOZA', 2, 'JR. RIO  SANTA  MZ. C, LOTE  11', 2, -12.0109, -77.0067),
(356, 'I.E. Nº 135 TORIBIO RODRIGUEZ DE MENDOZA', 3, 'JR. RIO  SANTA  MZ. C, LOTE  11', 2, -12.0109, -77.0067),
(357, 'I.E. Nº 0136 SANTA ROSA MILAGROSA', 1, 'PQUE.DEL A.H.  JESUS OROPEZA CHONTA', 2, -11.9683, -76.9987),
(358, 'I.E. Nº 0136 SANTA ROSA MILAGROSA', 2, 'PQUE.DEL A.H.  JESUS OROPEZA CHONTA', 2, -11.9683, -76.9987),
(359, 'I.E. Nº 0136 SANTA ROSA MILAGROSA', 3, 'PQUE.DEL A.H.  JESUS OROPEZA CHONTA', 2, -11.9683, -76.9987),
(360, 'I.E. Nº 0140  SANTIAGO ANTUNEZ DE MAYOLO ', 1, 'AV. REPUBLICA DE POLONIA S/N - A.P.V. Los Pinos', 2, -11.9766, -77.0043),
(361, 'I.E. Nº 0140  SANTIAGO ANTUNEZ DE MAYOLO ', 2, 'AV. REPUBLICA DE POLONIA S/N - A.P.V. Los Pinos', 2, -11.9766, -77.0043),
(362, 'I.E. Nº 0144 LOS  ALAMOS', 1, 'PQUE PRINCIPAL, 2da  ETAPA, S/N.', 2, -11.9642, -76.9981),
(363, 'I.E. Nº 0144 LOS  ALAMOS', 2, 'PQUE PRINCIPAL, 2da  ETAPA, S/N.', 2, -11.9642, -76.9981),
(364, 'I.E.E. LOS PINOS', 7, 'AV.REP.DE POLONIA S/N Y AV. EL PARQUE', 2, -11.977, -77.0045),
(365, 'I.E. NICOLAS COPERNICO', 3, 'AV.WIESE S/N CDRA.3  PARADERO 8', 2, -11.9763, -77.0028),
(366, 'I.E. JESÚS OROPEZA CHONTA - ex proyectos especiales', 4, 'MZ. Q, LOTE 4 ', 2, -11.9675, -77.0015),
(367, 'I.E. Nº 009 JOSE MARIA ARGUEDAS', 1, 'PASAJE NAZARETH S/N.', 1, -12.028, -76.9894),
(368, 'I.E. Nº 009 JOSE MARIA ARGUEDAS', 2, 'PASAJE NAZARETH S/N.', 1, -12.028, -76.9894),
(369, 'I.E. Nº 009 JOSE MARIA ARGUEDAS', 3, 'PASAJE NAZARETH S/N.', 1, -12.028, -76.9894),
(370, 'I.E.I. Nº 013 SANTA ROSITA', 1, 'AV. JOSE CARLOS MARIATEGUI S/N.', 1, -12.0085, -76.9973),
(371, 'I.E. Nº 067 SANTISIMA CRUZ DE MOTUPE', 1, 'PSJE.ALBERTO GAMARRA MALLMA S/N.', 1, -12.0299, -77.0031),
(372, 'I.E. Nº 0068  BETHANIA', 1, 'JR.LOS ARTESANOS N? 140', 1, -12.0277, -76.993),
(373, 'I.E.I. Nº 081', 1, 'JR.PLACIDO JIMENEZ Y LOS FICUS S/N.', 1, -12.0373, -77.0057),
(374, 'I.E. Nº 0085 JOSE DE LA TORRE UGARTE', 1, 'JIRON LOS ALGARROBOS S/N., MZ.Q', 1, -12.0379, -76.9906),
(375, 'I.E. Nº 0085 JOSE DE LA TORRE UGARTE', 2, 'JIRON LOS ALGARROBOS S/N., MZ.Q', 1, -12.0379, -76.9906),
(376, 'I.E. Nº 0085 JOSE DE LA TORRE UGARTE', 3, 'JIRON LOS ALGARROBOS S/N., MZ.Q', 1, -12.0379, -76.9906),
(377, 'I.E. Nº 0093', 2, 'AV. LOS ALGARROBOS S/N.', 1, -12.0393, -76.9968),
(378, 'I.E. Nº 0098 PERU JAPÓN', 1, 'AVENIDA INDEPENDENCIA,  MZ. O,LT 19', 1, -12.0285, -76.997),
(379, 'I.E. Nº 0098 PERU JAPÓN', 2, 'AVENIDA INDEPENDENCIA,  MZ. O,LT 19', 1, -12.0285, -76.997),
(380, 'I.E. Nº 0098 PERU JAPÓN', 3, 'AVENIDA INDEPENDENCIA,  MZ. O,LT 19', 1, -12.0285, -76.997),
(381, 'I.E. Nº 112 HEROES DE LA BREÑA', 2, 'CALLE CARACOL Nº 1040', 1, -12.0306, -76.9972),
(382, 'I.E. Nº 112 HEROES DE LA BREÑA', 3, 'CALLE CARACOL Nº 1040', 1, -12.0306, -76.9972),
(383, 'I.E. Nº 115 TORIBIO RODRIGUEZ DE MENDOZA', 1, 'JR.LOS LIRIOS Nº 235', 1, -12.0343, -77.0062),
(384, 'I.E. Nº 115 TORIBIO RODRIGUEZ DE MENDOZA', 2, 'JR.LOS LIRIOS Nº 235', 1, -12.0343, -77.0062),
(385, 'I.E. Nº 115 TORIBIO RODRIGUEZ DE MENDOZA', 3, 'JR.LOS LIRIOS Nº 235', 1, -12.0343, -77.0062),
(386, 'I.E. Nº 115 TORIBIO RODRIGUEZ DE MENDOZA', 8, 'JR.LOS LIRIOS Nº 235', 1, -12.0343, -77.0062),
(387, 'I.E. Nº 115 TORIBIO RODRIGUEZ DE MENDOZA', 6, 'JR.LOS LIRIOS Nº 235', 1, -12.0343, -77.0062),
(388, 'I.E. Nº 127 SAN JOSE ', 1, 'JR. LOS BRILLANTES S/N', 1, -12.0331, -77.0033),
(389, 'I.E. Nº 127 SAN JOSE ', 2, 'JR. LOS BRILLANTES S/N', 1, -12.0331, -77.0033),
(390, 'I.E. Nº 134 RAMIRO PRIALE PRIALE', 2, 'CALLE 07 DE JUNIO S/N.', 1, -12.032, -77.0085),
(391, 'I.E. Nº 134 RAMIRO PRIALE PRIALE', 3, 'CALLE 07 DE JUNIO S/N.', 1, -12.032, -77.0085),
(392, 'I.E. Nº 1047 JUANA INFANTES VERA ', 1, 'CALLE AGUA MARINA S/N.', 1, -12.0332, -76.9889),
(393, 'I.E. Nº 1047 JUANA INFANTES VERA ', 2, 'CALLE AGUA MARINA S/N.', 1, -12.0332, -76.9889),
(394, 'I.E. Nº 1047 JUANA INFANTES VERA ', 3, 'CALLE AGUA MARINA S/N.', 1, -12.0332, -76.9889),
(395, 'I.E.E. HIPOLITO UNANUE', 7, 'AV. CESAR VALLEJO Nº 1390', 1, -12.04, -76.9936),
(396, 'I.E. Nº 0008 VILLA HERMOSA', 1, 'PARQUE EL PROGRESO S/N., MZ. G', 1, -12.0408, -76.9896),
(397, 'I.E.I. Nº 017 CUNA Y JARDIN', 1, 'JR.MARIANO BALDARRAGO S/N.', 1, -12.0514, -76.9994),
(398, 'I.E. Nº 0049 ANTONIA MORENO DE CACERES', 1, 'JR.ALONSO PALOMINO N? 228 -6TA.ZONA', 1, -12.0518, -77.0017),
(399, 'I.E. Nº 0049 ANTONIA MORENO DE CACERES', 2, 'JR.ALONSO PALOMINO N? 228 -6TA.ZONA', 1, -12.0518, -77.0017),
(400, 'I.E. Nº 0069 NOCHETO LUIS ENRIQUE VI', 1, 'PSJ. AMAUTA  S/N. MZ.D-2, LOTE 1', 1, -12.0451, -76.9855),
(401, 'I.E. Nº 076 MICAELA BASTIDAS', 1, 'JR.TERESA GONZALES DE FANNING S/N.', 1, -12.0509, -76.9954),
(402, 'I.E.I. Nº 084 COQUITO', 1, 'JIRON CANADA MZ. D, LT 10, III ZONA', 1, -12.0426, -76.9979),
(403, 'I.E. Nº 1025 MARIA PARADO DE BELLIDO', 1, 'JR.CAJACAY  S/N. -2DA.CUADRA', 1, -12.0503, -77.0063),
(404, 'I.E. Nº 1025 MARIA PARADO DE BELLIDO', 2, 'JR.CAJACAY  S/N. -2DA.CUADRA', 1, -12.0503, -77.0063),
(405, 'I.E. Nº 1025 MARIA PARADO DE BELLIDO', 3, 'JR.CAJACAY  S/N. -2DA.CUADRA', 1, -12.0503, -77.0063),
(406, 'I.E. Nº 1044 MARIA REICHE NEWMANN', 1, 'CALLE LOS CARTUCHOS, MZ. H, LOTE 4', 1, -12.0442, -77.0028),
(407, 'I.E. Nº 1044 MARIA REICHE NEWMANN', 2, 'CALLE LOS CARTUCHOS, MZ. H, LOTE 4', 1, -12.0442, -77.0028),
(408, 'I.E. Nº 1044 MARIA REICHE NEWMANN', 3, 'CALLE LOS CARTUCHOS, MZ. H, LOTE 4', 1, -12.0442, -77.0028),
(409, 'I.E. Nº 1045 NUESTRA SRA.DE FATIMA', 1, 'JR.AGUAS VERDES S/N.', 1, -12.0423, -76.9891),
(410, 'I.E. Nº 1045 NUESTRA SRA.DE FATIMA', 2, 'JR.AGUAS VERDES S/N.', 1, -12.0423, -76.9891),
(411, 'I.E. Nº 1045 NUESTRA SRA.DE FATIMA', 6, 'JR.AGUAS VERDES S/N.', 1, -12.0423, -76.9891),
(412, 'I.E. Nº 1045 NUESTRA SRA.DE FATIMA', 4, 'JR.AGUAS VERDES S/N.', 1, -12.0423, -76.9891),
(413, 'I.E. Nº 1168 GRAN MARISCAL RAMON CASTILLA', 2, 'AV. RIVA AGUERO Nº 1575 ', 1, -12.0454, -76.9988),
(414, 'I.E. Nº 1171 JORGE BASADRE GROHMANN', 1, 'AVENIDA INDEPENDIENTE Nº 586', 1, -12.0556, -77.0016),
(415, 'I.E. Nº 1171 JORGE BASADRE GROHMANN', 2, 'AVENIDA INDEPENDIENTE Nº 586', 1, -12.0556, -77.0016),
(416, 'I.E. Nº 1171 JORGE BASADRE GROHMANN', 3, 'AVENIDA INDEPENDIENTE Nº 586', 1, -12.0556, -77.0016),
(417, 'I.E. Nº 1175 GLORIOSOS HUSARES DE JUNIN', 2, 'JR.MARIANO BALDARRAGO S/N., CUADRA 13 AV. RIVA AGUERO (TRES CUADRAS DE LA MUNICIPALIDAD)', 1, -12.0515, -76.9989),
(418, 'I.E. Nº 1175 GLORIOSOS HUSARES DE JUNIN', 3, 'JR.MARIANO BALDARRAGO S/N., CUADRA 13 AV. RIVA AGUERO (TRES CUADRAS DE LA MUNICIPALIDAD)', 1, -12.0515, -76.9989),
(419, 'I.E. Nº 1175 GLORIOSOS HUSARES DE JUNIN', 8, 'JR.MARIANO BALDARRAGO S/N., CUADRA 13 AV. RIVA AGUERO (TRES CUADRAS DE LA MUNICIPALIDAD)', 1, -12.0515, -76.9989),
(420, 'I.E. Nº 1175 GLORIOSOS HUSARES DE JUNIN', 6, 'JR.MARIANO BALDARRAGO S/N., CUADRA 13 AV. RIVA AGUERO (TRES CUADRAS DE LA MUNICIPALIDAD)', 1, -12.0515, -76.9989),
(421, 'I.E.  JOSE CARLOS MARIATEGUI ', 3, 'AV.RIVA AGUERO Nº 1758', 1, -12.0428, -76.9974),
(422, 'I.E. LA PRADERA II', 1, 'MZ. R, LT - 23, II ETAPA', 1, -12.0303, -76.963),
(423, 'I.E. LA PRADERA II', 2, 'MZ. R, LT - 23, II ETAPA', 1, -12.0303, -76.963),
(424, 'I.E. LA PRADERA II', 3, 'MZ. R, LT - 23, II ETAPA', 1, -12.0303, -76.963),
(425, 'PRITE AYUDAME', 7, 'JR. MARIANO BALDARRAGO Nº 115', 1, -12.05, -77.0003),
(426, 'FE Y ALEGRIA Nº 39', 1, 'JR. RIO CHEPEN Nº 322', 1, -12.0428, -76.9896),
(427, 'FE Y ALEGRIA Nº 39', 2, 'JR. RIO CHEPEN Nº 322', 1, -12.0428, -76.9896),
(428, 'FE Y ALEGRIA Nº 39', 3, 'JR. RIO CHEPEN Nº 322', 1, -12.0428, -76.9896),
(429, 'I.E.I. Nº 010 MARTIR OLAYA', 1, 'PROLONGACION ICHU S/N., MZ. C, LOTE 8', 1, -12.0569, -77.0049),
(430, 'I.E. Nº 046 LOS LIBERTADORES DE AYACUCHO', 1, 'AV.LOS ANGELES S/N.-6TA.ZONA', 1, -12.0562, -76.9945),
(431, 'I.E. Nº 046 LOS LIBERTADORES DE AYACUCHO', 2, 'AV.LOS ANGELES S/N.-6TA.ZONA', 1, -12.0562, -76.9945),
(432, 'I.E. Nº 046 LOS LIBERTADORES DE AYACUCHO', 3, 'AV.LOS ANGELES S/N.-6TA.ZONA', 1, -12.0562, -76.9945),
(433, 'I.E. Nº 047 SEÑOR DE LOS MILAGROS', 1, 'AV.GARCILAZO DE LA VEGA Nº 320', 1, -12.0606, -77.0038),
(434, 'I.E. Nº 047 SEÑOR DE LOS MILAGROS', 2, 'AV.GARCILAZO DE LA VEGA Nº 320', 1, -12.0606, -77.0038),
(435, 'I.E. Nº 048 SAN JUAN BOSCO', 2, 'AV.15 DE ABRIL Nº 344', 1, -12.0596, -77.0042),
(436, 'I.E. Nº 114 VIRGEN DE CHAPI', 1, 'JR.MELITON CARBAJAL Nº 547', 1, -12.0621, -76.9882),
(437, 'I.E. Nº 114 VIRGEN DE CHAPI', 2, 'JR.MELITON CARBAJAL Nº 547', 1, -12.0621, -76.9882),
(438, 'I.E. Nº 1046 JULIO RAMON RIBEYRO', 1, 'JR. CERRO AZUL Nº 2126', 1, -12.0506, -77.0089),
(439, 'I.E. Nº 1046 JULIO RAMON RIBEYRO', 2, 'JR. CERRO AZUL Nº 2126', 1, -12.0506, -77.0089),
(440, 'I.E. Nº 1169 MIGUEL GRAU SEMINARIO', 1, 'AV.INCA RIPAC S/N., II ZONA', 1, -12.0515, -77.0044),
(441, 'I.E. Nº 1169 MIGUEL GRAU SEMINARIO', 2, 'AV.INCA RIPAC S/N., II ZONA', 1, -12.0515, -77.0044),
(442, 'I.E. Nº 1170', 1, 'AV.RIVA AGUERO Nº 517 ', 1, -12.0548, -77.0044),
(443, 'I.E. Nº 1170', 2, 'AV.RIVA AGUERO Nº 517 ', 1, -12.0548, -77.0044),
(444, 'I.E. Nº 1177 HEROES DEL CENEPA', 1, 'JR. ABRAHAM VALDELOMAR Nº 575', 1, -12.059, -77.0026),
(445, 'I.E. Nº 1177 HEROES DEL CENEPA', 2, 'JR. ABRAHAM VALDELOMAR Nº 575', 1, -12.059, -77.0026),
(446, 'I.E. Nº 1186 SANTA ROSA DE LIMA MILAGROSA', 1, 'AV.GARCILAZO DE LA VEGA Nº  1157', 1, -12.0596, -76.9968),
(447, 'I.E. Nº 1186 SANTA ROSA DE LIMA MILAGROSA', 2, 'AV.GARCILAZO DE LA VEGA Nº  1157', 1, -12.0596, -76.9968),
(448, 'I.E. Nº 1187 SAN CAYETANO ', 1, 'JR.SIMON BOLIVAR Nº 125', 1, -12.0568, -77.0077),
(449, 'I.E. Nº 1187 SAN CAYETANO ', 2, 'JR.SIMON BOLIVAR Nº 125', 1, -12.0568, -77.0077),
(450, 'I.E. GRAN MARISCAL ANDRÉS AVELINO CACERES DORREGARAY', 1, 'AV. RIVA AGUERO Nº 176, VII ZONA', 1, -12.0582, -77.0067),
(451, 'I.E. GRAN MARISCAL ANDRÉS AVELINO CACERES DORREGARAY', 2, 'AV. RIVA AGUERO Nº 176, VII ZONA', 1, -12.0582, -77.0067),
(452, 'I.E. GRAN MARISCAL ANDRÉS AVELINO CACERES DORREGARAY', 3, 'AV. RIVA AGUERO Nº 176, VII ZONA', 1, -12.0582, -77.0067),
(453, 'I.E. GRAN MARISCAL ANDRÉS AVELINO CACERES DORREGARAY', 8, 'AV. RIVA AGUERO Nº 176, VII ZONA', 1, -12.0582, -77.0067),
(454, 'I.E. GRAN MARISCAL ANDRÉS AVELINO CACERES DORREGARAY', 6, 'AV. RIVA AGUERO Nº 176, VII ZONA', 1, -12.0582, -77.0067),
(455, 'I.E. NICOLAS DE PIEROLA', 3, 'JR. PATIVILCA S/N.', 1, -12.0508, -77.0107),
(456, 'I.E.I. HOGAR SAN MARTIN', 1, 'PSJE. GUADALUPE, 1ra CUADRA S/N.,SECTOR 1', 1, -12.0543, -77.0069),
(457, 'I.E.T.P. BARBONES', 4, 'JR. LLAMELLIN Nº 330', 1, -12.0528, -77.0082),
(458, 'I.E.I. CUNA  JARDIN  PARROQUIAL SAN JOSE', 1, 'AV.GARCILAZO DE LA VEGA S/N.,III ZONA, CDRA.12', 1, -12.0588, -76.9953),
(459, 'I.E.I. SAN MARTIN DE PORRES', 1, 'MZ H, LOTE 20, MERCADO DE STA ROSA DE LOS SAUCES', 2, -12.0055, -76.9907);

-- --------------------------------------------------------

--
-- Estructura de tabla para la tabla `nivel`
--

CREATE TABLE `nivel` (
  `id_nivel` int(11) NOT NULL,
  `nomNivel` varchar(150) NOT NULL,
  `estado` int(11) NOT NULL
) ENGINE=InnoDB DEFAULT CHARSET=utf8;

--
-- Volcado de datos para la tabla `nivel`
--

INSERT INTO `nivel` (`id_nivel`, `nomNivel`, `estado`) VALUES
(1, 'Inicial', 1),
(2, 'Primaria', 1),
(3, 'Secundaria', 1),
(4, 'CETPRO', 1),
(5, 'CEBA', 1),
(6, 'CEBA Avanzado', 1),
(7, 'EBE', 1),
(8, 'CEBA Inicial Intermedio', 1);

--
-- Índices para tablas volcadas
--

--
-- Indices de la tabla `distrito`
--
ALTER TABLE `distrito`
  ADD PRIMARY KEY (`id_distrito`);

--
-- Indices de la tabla `institucion`
--
ALTER TABLE `institucion`
  ADD PRIMARY KEY (`id_ie`);

--
-- Indices de la tabla `nivel`
--
ALTER TABLE `nivel`
  ADD PRIMARY KEY (`id_nivel`);

--
-- AUTO_INCREMENT de las tablas volcadas
--

--
-- AUTO_INCREMENT de la tabla `distrito`
--
ALTER TABLE `distrito`
  MODIFY `id_distrito` int(11) NOT NULL AUTO_INCREMENT, AUTO_INCREMENT=3;
--
-- AUTO_INCREMENT de la tabla `institucion`
--
ALTER TABLE `institucion`
  MODIFY `id_ie` int(11) NOT NULL AUTO_INCREMENT, AUTO_INCREMENT=460;
--
-- AUTO_INCREMENT de la tabla `nivel`
--
ALTER TABLE `nivel`
  MODIFY `id_nivel` int(11) NOT NULL AUTO_INCREMENT, AUTO_INCREMENT=9;
/*!40101 SET CHARACTER_SET_CLIENT=@OLD_CHARACTER_SET_CLIENT */;
/*!40101 SET CHARACTER_SET_RESULTS=@OLD_CHARACTER_SET_RESULTS */;
/*!40101 SET COLLATION_CONNECTION=@OLD_COLLATION_CONNECTION */;
